model_tag,retriever,lang_pair,selector_method,k,num_samples,empty_prediction_count,bleu,comet22,pred_qe,source_scope
bloomz-7b1-mt,shared,eng_Latn-hau_Latn,zero_shot,0,1012,0,0.7530881190806613,0.3445904545427075,0.2918833040231066,shared canonical zero-shot used in manuscript
bloomz-7b1-mt,shared,eng_Latn-plt_Latn,zero_shot,0,1012,16,1.860231327893427,0.4376369130659295,0.3767268225012055,shared canonical zero-shot used in manuscript
bloomz-7b1-mt,shared,eng_Latn-som_Latn,zero_shot,0,1012,0,1.2945670113572425,0.3612088598016458,0.278722708507371,shared canonical zero-shot used in manuscript
bloomz-7b1-mt,shared,eng_Latn-swh_Latn,zero_shot,0,1012,0,32.60716472038681,0.7848980904450058,0.7315413765609264,shared canonical zero-shot used in manuscript
bloomz-7b1-mt,shared,eng_Latn-xho_Latn,zero_shot,0,1012,0,2.9862383866431808,0.5382428069124109,0.4442354423019726,shared canonical zero-shot used in manuscript
bloomz-7b1-mt,bm25,eng_Latn-hau_Latn,retriever_topk,8,1012,0,1.079673197188996,0.5166547941301651,0.3678825484375237,retriever-specific MT-ICL result used in manuscript
bloomz-7b1-mt,bm25,eng_Latn-hau_Latn,error_filter,8,1012,0,0.9906819832513178,0.5096946169029583,0.3673350271500146,retriever-specific MT-ICL result used in manuscript
bloomz-7b1-mt,bm25,eng_Latn-hau_Latn,error_profile_rerank,8,1012,0,1.1416506185565256,0.5161880818398102,0.3696675953775526,retriever-specific MT-ICL result used in manuscript
bloomz-7b1-mt,bm25,eng_Latn-hau_Latn,low_quality,8,1012,0,0.4176001347525488,0.4741294493258235,0.3460863858107992,retriever-specific MT-ICL result used in manuscript
bloomz-7b1-mt,bm25,eng_Latn-hau_Latn,quality_only,8,1012,0,1.0199998057673858,0.4928229380354815,0.368106283851174,retriever-specific MT-ICL result used in manuscript
bloomz-7b1-mt,bm25,eng_Latn-hau_Latn,quality_rerank,8,1012,0,1.055833899531117,0.5142022663720041,0.3667274606469356,retriever-specific MT-ICL result used in manuscript
bloomz-7b1-mt,bm25,eng_Latn-hau_Latn,random_in_topn,8,1012,0,0.7394312366047747,0.4881259841704557,0.3571937606327618,retriever-specific MT-ICL result used in manuscript
bloomz-7b1-mt,bm25,eng_Latn-plt_Latn,retriever_topk,8,1012,0,1.039553535635197,0.5088910750691363,0.3672696166182224,retriever-specific MT-ICL result used in manuscript
bloomz-7b1-mt,bm25,eng_Latn-plt_Latn,error_filter,8,1012,0,1.272716727973148,0.504994990635413,0.3659116264152904,retriever-specific MT-ICL result used in manuscript
bloomz-7b1-mt,bm25,eng_Latn-plt_Latn,error_profile_rerank,8,1012,0,1.1590793813313955,0.5074032499885606,0.3671399746900019,retriever-specific MT-ICL result used in manuscript
bloomz-7b1-mt,bm25,eng_Latn-plt_Latn,low_quality,8,1012,0,0.6474980354751256,0.468588157148347,0.3471385599831819,retriever-specific MT-ICL result used in manuscript
bloomz-7b1-mt,bm25,eng_Latn-plt_Latn,quality_only,8,1012,0,1.0247171915830189,0.5013176671306606,0.3741461630513074,retriever-specific MT-ICL result used in manuscript
bloomz-7b1-mt,bm25,eng_Latn-plt_Latn,quality_rerank,8,1012,0,1.0863676697835432,0.5069516543078093,0.3656898319956813,retriever-specific MT-ICL result used in manuscript
bloomz-7b1-mt,bm25,eng_Latn-plt_Latn,random_in_topn,8,1012,0,0.7412869538558907,0.4878953690143677,0.3589998379703096,retriever-specific MT-ICL result used in manuscript
bloomz-7b1-mt,bm25,eng_Latn-som_Latn,retriever_topk,8,1012,0,0.974450282540928,0.5218761954088456,0.385407544260204,retriever-specific MT-ICL result used in manuscript
bloomz-7b1-mt,bm25,eng_Latn-som_Latn,error_filter,8,1012,0,1.0156234589414503,0.5275982671339993,0.3892655140856509,retriever-specific MT-ICL result used in manuscript
bloomz-7b1-mt,bm25,eng_Latn-som_Latn,error_profile_rerank,8,1012,0,1.0597293477813947,0.526070528983952,0.3900734033627001,retriever-specific MT-ICL result used in manuscript
bloomz-7b1-mt,bm25,eng_Latn-som_Latn,low_quality,8,1012,0,0.8309190850770073,0.4937344143100878,0.3620962686689475,retriever-specific MT-ICL result used in manuscript
bloomz-7b1-mt,bm25,eng_Latn-som_Latn,quality_only,8,1012,0,0.9682052837631164,0.5164550359953534,0.3885628053616629,retriever-specific MT-ICL result used in manuscript
bloomz-7b1-mt,bm25,eng_Latn-som_Latn,quality_rerank,8,1012,0,1.0920093636353168,0.5213108382412331,0.3871689390818121,retriever-specific MT-ICL result used in manuscript
bloomz-7b1-mt,bm25,eng_Latn-som_Latn,random_in_topn,8,1012,0,0.8714136846772134,0.5029318531599676,0.3753015786527174,retriever-specific MT-ICL result used in manuscript
bloomz-7b1-mt,bm25,eng_Latn-swh_Latn,retriever_topk,8,1012,0,33.006543808328416,0.8114393496584044,0.7640763326536997,retriever-specific MT-ICL result used in manuscript
bloomz-7b1-mt,bm25,eng_Latn-swh_Latn,error_filter,8,1012,0,32.54416149851697,0.8103998803309066,0.7643298663994069,retriever-specific MT-ICL result used in manuscript
bloomz-7b1-mt,bm25,eng_Latn-swh_Latn,error_profile_rerank,8,1012,0,32.91774140269437,0.8114668265456267,0.7666138291889029,retriever-specific MT-ICL result used in manuscript
bloomz-7b1-mt,bm25,eng_Latn-swh_Latn,low_quality,8,1012,0,33.83667314940741,0.8100375521324369,0.7651926119454765,retriever-specific MT-ICL result used in manuscript
bloomz-7b1-mt,bm25,eng_Latn-swh_Latn,quality_only,8,1012,0,33.63093762986331,0.8141461886288855,0.7708288070123658,retriever-specific MT-ICL result used in manuscript
bloomz-7b1-mt,bm25,eng_Latn-swh_Latn,quality_rerank,8,1012,0,32.28530753312708,0.8085949736032562,0.7634538093456638,retriever-specific MT-ICL result used in manuscript
bloomz-7b1-mt,bm25,eng_Latn-swh_Latn,random_in_topn,8,1012,0,34.048930012016186,0.8136298905012636,0.7674906924072462,retriever-specific MT-ICL result used in manuscript
bloomz-7b1-mt,bm25,eng_Latn-xho_Latn,retriever_topk,8,1012,0,1.7109729463098649,0.5378424746127939,0.4216891959191782,retriever-specific MT-ICL result used in manuscript
bloomz-7b1-mt,bm25,eng_Latn-xho_Latn,error_filter,8,1012,0,2.0748544807022453,0.5390541272848962,0.4296022170911664,retriever-specific MT-ICL result used in manuscript
bloomz-7b1-mt,bm25,eng_Latn-xho_Latn,error_profile_rerank,8,1012,0,1.910965565538068,0.5452197874958807,0.429763560680297,retriever-specific MT-ICL result used in manuscript
bloomz-7b1-mt,bm25,eng_Latn-xho_Latn,low_quality,8,1012,0,1.321219256506938,0.5111485108762626,0.4114836197891254,retriever-specific MT-ICL result used in manuscript
bloomz-7b1-mt,bm25,eng_Latn-xho_Latn,quality_only,8,1012,0,2.237253514874009,0.5443507705193028,0.4375116501165473,retriever-specific MT-ICL result used in manuscript
bloomz-7b1-mt,bm25,eng_Latn-xho_Latn,quality_rerank,8,1012,0,1.750304219241027,0.5361855088074217,0.4235865987042193,retriever-specific MT-ICL result used in manuscript
bloomz-7b1-mt,bm25,eng_Latn-xho_Latn,random_in_topn,8,1012,0,1.893388600990768,0.527624013719587,0.4254501612172296,retriever-specific MT-ICL result used in manuscript
bloomz-7b1-mt,gte,eng_Latn-hau_Latn,error_filter,8,1012,0,0.9583891248388392,0.5356714068046907,0.3807565235337721,retriever-specific MT-ICL result used in manuscript
bloomz-7b1-mt,gte,eng_Latn-hau_Latn,error_profile_rerank,8,1012,0,0.8831267137084872,0.5306659383412171,0.3782369638148975,retriever-specific MT-ICL result used in manuscript
bloomz-7b1-mt,gte,eng_Latn-hau_Latn,low_quality,8,1012,0,0.632365061732905,0.4909150875633649,0.3541522838558133,retriever-specific MT-ICL result used in manuscript
bloomz-7b1-mt,gte,eng_Latn-hau_Latn,quality_only,8,1012,0,1.1287715157463882,0.5254692751987885,0.3802880175382252,retriever-specific MT-ICL result used in manuscript
bloomz-7b1-mt,gte,eng_Latn-hau_Latn,quality_rerank,8,1012,0,0.9036730779263982,0.5345135420678633,0.3786460246316529,retriever-specific MT-ICL result used in manuscript
bloomz-7b1-mt,gte,eng_Latn-hau_Latn,random_in_topn,8,1012,0,0.8157619585786451,0.5195579251841359,0.3712320349551001,retriever-specific MT-ICL result used in manuscript
bloomz-7b1-mt,gte,eng_Latn-hau_Latn,retriever_topk,8,1012,0,0.9415909593537376,0.5299786046412387,0.3770118224703276,retriever-specific MT-ICL result used in manuscript
bloomz-7b1-mt,gte,eng_Latn-plt_Latn,error_filter,8,1012,0,1.05731512054174,0.5164545567875559,0.3756270266686503,retriever-specific MT-ICL result used in manuscript
bloomz-7b1-mt,gte,eng_Latn-plt_Latn,error_profile_rerank,8,1012,1,1.1234574313702594,0.5277172540315417,0.3793852168893484,retriever-specific MT-ICL result used in manuscript
bloomz-7b1-mt,gte,eng_Latn-plt_Latn,low_quality,8,1012,0,0.6408129079058955,0.4773328094172619,0.3534556914106188,retriever-specific MT-ICL result used in manuscript
bloomz-7b1-mt,gte,eng_Latn-plt_Latn,quality_only,8,1012,0,0.8753554350568484,0.5026978828130739,0.3802751822492822,retriever-specific MT-ICL result used in manuscript
bloomz-7b1-mt,gte,eng_Latn-plt_Latn,quality_rerank,8,1012,1,1.0534420577361945,0.5203104278129829,0.3765835221396237,retriever-specific MT-ICL result used in manuscript
bloomz-7b1-mt,gte,eng_Latn-plt_Latn,random_in_topn,8,1012,0,0.8490092512295359,0.4898364586321261,0.3644800680310359,retriever-specific MT-ICL result used in manuscript
bloomz-7b1-mt,gte,eng_Latn-plt_Latn,retriever_topk,8,1012,1,0.9318227685162102,0.5192959387035917,0.3748831673793339,retriever-specific MT-ICL result used in manuscript
bloomz-7b1-mt,gte,eng_Latn-som_Latn,error_filter,8,1012,0,0.9881108526274728,0.5460145065759717,0.4032324121992579,retriever-specific MT-ICL result used in manuscript
bloomz-7b1-mt,gte,eng_Latn-som_Latn,error_profile_rerank,8,1012,0,0.8733328764653949,0.5405352670154553,0.4020217816407972,retriever-specific MT-ICL result used in manuscript
bloomz-7b1-mt,gte,eng_Latn-som_Latn,low_quality,8,1012,0,0.8062882725746398,0.4962451102970381,0.3687995912529263,retriever-specific MT-ICL result used in manuscript
bloomz-7b1-mt,gte,eng_Latn-som_Latn,quality_only,8,1012,0,0.8716036414217432,0.543185617524409,0.40078125470005,retriever-specific MT-ICL result used in manuscript
bloomz-7b1-mt,gte,eng_Latn-som_Latn,quality_rerank,8,1012,0,0.902625572611088,0.5437198675167655,0.4015510644425045,retriever-specific MT-ICL result used in manuscript
bloomz-7b1-mt,gte,eng_Latn-som_Latn,random_in_topn,8,1012,0,0.9686727762699134,0.5190840436535862,0.387834959674494,retriever-specific MT-ICL result used in manuscript
bloomz-7b1-mt,gte,eng_Latn-som_Latn,retriever_topk,8,1012,0,0.9118492512160592,0.5408671473708784,0.3999253608610319,retriever-specific MT-ICL result used in manuscript
bloomz-7b1-mt,gte,eng_Latn-swh_Latn,error_filter,8,1012,0,33.237104147413696,0.8111163816845464,0.7638534521573617,retriever-specific MT-ICL result used in manuscript
bloomz-7b1-mt,gte,eng_Latn-swh_Latn,error_profile_rerank,8,1012,0,32.83797994975829,0.8082657556671634,0.7615004903655278,retriever-specific MT-ICL result used in manuscript
bloomz-7b1-mt,gte,eng_Latn-swh_Latn,low_quality,8,1012,0,32.48314260529645,0.8050715934352677,0.7625378538732943,retriever-specific MT-ICL result used in manuscript
bloomz-7b1-mt,gte,eng_Latn-swh_Latn,quality_only,8,1012,0,32.91659908440246,0.8118883115883637,0.765386767862107,retriever-specific MT-ICL result used in manuscript
bloomz-7b1-mt,gte,eng_Latn-swh_Latn,quality_rerank,8,1012,0,32.722460894792064,0.8096260937453494,0.7644384501892116,retriever-specific MT-ICL result used in manuscript
bloomz-7b1-mt,gte,eng_Latn-swh_Latn,random_in_topn,8,1012,0,33.36924544549568,0.8094628721976234,0.7625070810612482,retriever-specific MT-ICL result used in manuscript
bloomz-7b1-mt,gte,eng_Latn-swh_Latn,retriever_topk,8,1012,0,32.189953009599215,0.8069287073088022,0.7621728977843707,retriever-specific MT-ICL result used in manuscript
bloomz-7b1-mt,gte,eng_Latn-xho_Latn,error_filter,8,1012,0,1.7408984097007103,0.5409229498341857,0.4244339094449409,retriever-specific MT-ICL result used in manuscript
bloomz-7b1-mt,gte,eng_Latn-xho_Latn,error_profile_rerank,8,1012,0,1.8067696412394136,0.5467170685853647,0.4266345923832754,retriever-specific MT-ICL result used in manuscript
bloomz-7b1-mt,gte,eng_Latn-xho_Latn,low_quality,8,1012,0,1.4617614485656512,0.5256904636329341,0.4140610168338293,retriever-specific MT-ICL result used in manuscript
bloomz-7b1-mt,gte,eng_Latn-xho_Latn,quality_only,8,1012,0,2.1559050781435523,0.546102571923271,0.4361964324157935,retriever-specific MT-ICL result used in manuscript
bloomz-7b1-mt,gte,eng_Latn-xho_Latn,quality_rerank,8,1012,0,1.869402814525816,0.550032390627583,0.4251172549345277,retriever-specific MT-ICL result used in manuscript
bloomz-7b1-mt,gte,eng_Latn-xho_Latn,random_in_topn,8,1012,0,1.634233598989534,0.5252828496718124,0.4231346503430204,retriever-specific MT-ICL result used in manuscript
bloomz-7b1-mt,gte,eng_Latn-xho_Latn,retriever_topk,8,1012,0,1.7333395466014083,0.5427328010233259,0.4222085448534121,retriever-specific MT-ICL result used in manuscript
bloomz-7b1-mt,sonar,eng_Latn-hau_Latn,error_filter,8,1012,0,1.3832882889130549,0.5376730031470065,0.3834491247760331,retriever-specific MT-ICL result used in manuscript
bloomz-7b1-mt,sonar,eng_Latn-hau_Latn,error_profile_rerank,8,1012,0,1.2664029385968696,0.536414975734803,0.3841812491358033,retriever-specific MT-ICL result used in manuscript
bloomz-7b1-mt,sonar,eng_Latn-hau_Latn,low_quality,8,1012,0,0.7250173173137604,0.4914510620853646,0.3581094504757361,retriever-specific MT-ICL result used in manuscript
bloomz-7b1-mt,sonar,eng_Latn-hau_Latn,quality_only,8,1012,0,1.2023943150542888,0.5259307210771699,0.3846795801883158,retriever-specific MT-ICL result used in manuscript
bloomz-7b1-mt,sonar,eng_Latn-hau_Latn,quality_rerank,8,1012,0,1.308543856019688,0.5367955450601729,0.3822385388106225,retriever-specific MT-ICL result used in manuscript
bloomz-7b1-mt,sonar,eng_Latn-hau_Latn,random_in_topn,8,1012,0,0.8660122384831757,0.5013454585619594,0.367682138229665,retriever-specific MT-ICL result used in manuscript
bloomz-7b1-mt,sonar,eng_Latn-hau_Latn,retriever_topk,8,1012,0,1.236762701343254,0.5413682820061921,0.3836231278807749,retriever-specific MT-ICL result used in manuscript
bloomz-7b1-mt,sonar,eng_Latn-plt_Latn,error_filter,8,1012,0,1.3548036806144326,0.5202583145247146,0.3822046457955488,retriever-specific MT-ICL result used in manuscript
bloomz-7b1-mt,sonar,eng_Latn-plt_Latn,error_profile_rerank,8,1012,0,1.4556698826997916,0.5213063694094952,0.3836281988990637,retriever-specific MT-ICL result used in manuscript
bloomz-7b1-mt,sonar,eng_Latn-plt_Latn,low_quality,8,1012,0,0.7724309790110728,0.470537941843978,0.3542314464807981,retriever-specific MT-ICL result used in manuscript
bloomz-7b1-mt,sonar,eng_Latn-plt_Latn,quality_only,8,1012,0,1.1276511718533249,0.5178800890951053,0.3868902327102634,retriever-specific MT-ICL result used in manuscript
bloomz-7b1-mt,sonar,eng_Latn-plt_Latn,quality_rerank,8,1012,0,1.4554360969260236,0.5220554525938195,0.3829519422099053,retriever-specific MT-ICL result used in manuscript
bloomz-7b1-mt,sonar,eng_Latn-plt_Latn,random_in_topn,8,1012,0,0.9299900810930032,0.4985904808601607,0.3702477059168778,retriever-specific MT-ICL result used in manuscript
bloomz-7b1-mt,sonar,eng_Latn-plt_Latn,retriever_topk,8,1012,1,1.4647600683375563,0.5171424339421307,0.3801633548488956,retriever-specific MT-ICL result used in manuscript
bloomz-7b1-mt,sonar,eng_Latn-som_Latn,error_filter,8,1012,0,1.1484865699629605,0.560680438215907,0.4157569426380598,retriever-specific MT-ICL result used in manuscript
bloomz-7b1-mt,sonar,eng_Latn-som_Latn,error_profile_rerank,8,1012,0,1.1835160262311917,0.5521736187867732,0.4125895906431166,retriever-specific MT-ICL result used in manuscript
bloomz-7b1-mt,sonar,eng_Latn-som_Latn,low_quality,8,1012,1,0.8467035834028933,0.5048980929996564,0.3782179548997436,retriever-specific MT-ICL result used in manuscript
bloomz-7b1-mt,sonar,eng_Latn-som_Latn,quality_only,8,1012,0,1.354611919668132,0.5451136997094739,0.4079861064025535,retriever-specific MT-ICL result used in manuscript
bloomz-7b1-mt,sonar,eng_Latn-som_Latn,quality_rerank,8,1012,0,1.2731000555016976,0.5526466089422288,0.4136465553474049,retriever-specific MT-ICL result used in manuscript
bloomz-7b1-mt,sonar,eng_Latn-som_Latn,random_in_topn,8,1012,0,0.9332820069940676,0.5253819455889609,0.3953763292771083,retriever-specific MT-ICL result used in manuscript
bloomz-7b1-mt,sonar,eng_Latn-som_Latn,retriever_topk,8,1012,0,1.2349056715640456,0.5508288743025936,0.412691192105118,retriever-specific MT-ICL result used in manuscript
bloomz-7b1-mt,sonar,eng_Latn-swh_Latn,error_filter,8,1012,0,32.981589958539004,0.8119220298829051,0.7676616033369844,retriever-specific MT-ICL result used in manuscript
bloomz-7b1-mt,sonar,eng_Latn-swh_Latn,error_profile_rerank,8,1012,0,33.28958814700563,0.8135554216242591,0.7670261046219721,retriever-specific MT-ICL result used in manuscript
bloomz-7b1-mt,sonar,eng_Latn-swh_Latn,low_quality,8,1012,0,32.402556962394456,0.8071601948601456,0.7585363059411407,retriever-specific MT-ICL result used in manuscript
bloomz-7b1-mt,sonar,eng_Latn-swh_Latn,quality_only,8,1012,0,33.338003220188845,0.8119989927755042,0.7663606818426739,retriever-specific MT-ICL result used in manuscript
bloomz-7b1-mt,sonar,eng_Latn-swh_Latn,quality_rerank,8,1012,0,33.432906179624034,0.8132840559004324,0.7658610448476826,retriever-specific MT-ICL result used in manuscript
bloomz-7b1-mt,sonar,eng_Latn-swh_Latn,random_in_topn,8,1012,0,33.31252989458037,0.8110422820088421,0.7653062052052954,retriever-specific MT-ICL result used in manuscript
bloomz-7b1-mt,sonar,eng_Latn-swh_Latn,retriever_topk,8,1012,0,33.156454322443444,0.8112987889779415,0.7614315662223831,retriever-specific MT-ICL result used in manuscript
bloomz-7b1-mt,sonar,eng_Latn-xho_Latn,error_filter,8,1012,0,2.2215332977182287,0.5566004377167687,0.436009466338888,retriever-specific MT-ICL result used in manuscript
bloomz-7b1-mt,sonar,eng_Latn-xho_Latn,error_profile_rerank,8,1012,0,1.9335349445825305,0.5552949377081611,0.4353420916105447,retriever-specific MT-ICL result used in manuscript
bloomz-7b1-mt,sonar,eng_Latn-xho_Latn,low_quality,8,1012,0,1.5096381048239391,0.5277646727742178,0.4166006560146573,retriever-specific MT-ICL result used in manuscript
bloomz-7b1-mt,sonar,eng_Latn-xho_Latn,quality_only,8,1012,0,2.5203764645670383,0.5541087181671805,0.4398152635326027,retriever-specific MT-ICL result used in manuscript
bloomz-7b1-mt,sonar,eng_Latn-xho_Latn,quality_rerank,8,1012,0,2.0793859131806824,0.5555693873539272,0.4309259120065704,retriever-specific MT-ICL result used in manuscript
bloomz-7b1-mt,sonar,eng_Latn-xho_Latn,random_in_topn,8,1012,0,1.8255021338376567,0.5417870973704361,0.4270261785847396,retriever-specific MT-ICL result used in manuscript
bloomz-7b1-mt,sonar,eng_Latn-xho_Latn,retriever_topk,8,1012,0,2.074445187074069,0.5539916552632693,0.4314076040278781,retriever-specific MT-ICL result used in manuscript
llama3-8b-instruct,shared,eng_Latn-hau_Latn,zero_shot,0,1012,0,7.220939482253239,0.6251714885264281,0.5123423807352427,shared canonical zero-shot used in manuscript
llama3-8b-instruct,shared,eng_Latn-plt_Latn,zero_shot,0,1012,0,0.8402877832767778,0.2770281051075741,0.3110611886375035,shared canonical zero-shot used in manuscript
llama3-8b-instruct,shared,eng_Latn-som_Latn,zero_shot,0,1012,0,2.297601427588347,0.4703938218179663,0.4303998628211586,shared canonical zero-shot used in manuscript
llama3-8b-instruct,shared,eng_Latn-swh_Latn,zero_shot,0,1012,0,14.508291335402594,0.7144293181981023,0.6705107400598733,shared canonical zero-shot used in manuscript
llama3-8b-instruct,shared,eng_Latn-xho_Latn,zero_shot,0,1012,0,0.7996200558489982,0.4337849168055377,0.3918426244744199,shared canonical zero-shot used in manuscript
llama3-8b-instruct,bm25,eng_Latn-hau_Latn,retriever_topk,8,1012,0,9.403130749135435,0.6620187644843056,0.5263832551040668,retriever-specific MT-ICL result used in manuscript
llama3-8b-instruct,bm25,eng_Latn-hau_Latn,random_in_topn,8,1012,0,8.15551203721378,0.6412394258668536,0.5190010433317173,retriever-specific MT-ICL result used in manuscript
llama3-8b-instruct,bm25,eng_Latn-hau_Latn,quality_only,8,1012,0,8.237452448683467,0.6434889550913464,0.519620967241144,retriever-specific MT-ICL result used in manuscript
llama3-8b-instruct,bm25,eng_Latn-hau_Latn,low_quality,8,1012,0,8.120069240057965,0.6412680948175224,0.5142703495124583,retriever-specific MT-ICL result used in manuscript
llama3-8b-instruct,bm25,eng_Latn-hau_Latn,error_filter,8,1012,0,9.398699212112554,0.6621352052205636,0.5290838073894911,retriever-specific MT-ICL result used in manuscript
llama3-8b-instruct,bm25,eng_Latn-hau_Latn,quality_rerank,8,1012,0,9.31087425917792,0.658453828393824,0.5282525838069294,retriever-specific MT-ICL result used in manuscript
llama3-8b-instruct,bm25,eng_Latn-hau_Latn,error_profile_rerank,8,1012,0,9.26495314558774,0.663047691431677,0.5292209091158252,retriever-specific MT-ICL result used in manuscript
llama3-8b-instruct,bm25,eng_Latn-plt_Latn,retriever_topk,8,1012,0,4.747808471738545,0.5881294722230773,0.4601566257625229,retriever-specific MT-ICL result used in manuscript
llama3-8b-instruct,bm25,eng_Latn-plt_Latn,random_in_topn,8,1012,0,4.212053198242512,0.5637775246834331,0.4471449989221784,retriever-specific MT-ICL result used in manuscript
llama3-8b-instruct,bm25,eng_Latn-plt_Latn,quality_only,8,1012,0,4.345634876544133,0.561604605229358,0.4461555260384507,retriever-specific MT-ICL result used in manuscript
llama3-8b-instruct,bm25,eng_Latn-plt_Latn,low_quality,8,1012,0,3.9957197412341054,0.5543954058185868,0.443466976167185,retriever-specific MT-ICL result used in manuscript
llama3-8b-instruct,bm25,eng_Latn-plt_Latn,error_filter,8,1012,0,4.89073304341293,0.5902671303025818,0.4607112498092557,retriever-specific MT-ICL result used in manuscript
llama3-8b-instruct,bm25,eng_Latn-plt_Latn,quality_rerank,8,1012,0,4.627302417784347,0.587709994346139,0.4600561236439957,retriever-specific MT-ICL result used in manuscript
llama3-8b-instruct,bm25,eng_Latn-plt_Latn,error_profile_rerank,8,1012,0,4.919472660720236,0.5892438664148919,0.4589281353966992,retriever-specific MT-ICL result used in manuscript
llama3-8b-instruct,bm25,eng_Latn-som_Latn,retriever_topk,8,1012,0,3.026290647883971,0.5227874157133074,0.4702150255382767,retriever-specific MT-ICL result used in manuscript
llama3-8b-instruct,bm25,eng_Latn-som_Latn,random_in_topn,8,1012,0,2.535531384614768,0.497306620091082,0.4508797842641122,retriever-specific MT-ICL result used in manuscript
llama3-8b-instruct,bm25,eng_Latn-som_Latn,quality_only,8,1012,0,2.608283682465549,0.5002331696303466,0.4535247485628241,retriever-specific MT-ICL result used in manuscript
llama3-8b-instruct,bm25,eng_Latn-som_Latn,low_quality,8,1012,0,2.4394568859328944,0.490255272450301,0.4436215485921019,retriever-specific MT-ICL result used in manuscript
llama3-8b-instruct,bm25,eng_Latn-som_Latn,error_filter,8,1012,0,3.1139557084063,0.5214691736069121,0.4656853965325317,retriever-specific MT-ICL result used in manuscript
llama3-8b-instruct,bm25,eng_Latn-som_Latn,quality_rerank,8,1012,0,3.173275591800322,0.5243518318495025,0.4700082391500473,retriever-specific MT-ICL result used in manuscript
llama3-8b-instruct,bm25,eng_Latn-som_Latn,error_profile_rerank,8,1012,0,2.994915751860168,0.5227332975523981,0.467093090854379,retriever-specific MT-ICL result used in manuscript
llama3-8b-instruct,bm25,eng_Latn-swh_Latn,retriever_topk,8,1012,0,17.354260660393543,0.7254841602425801,0.6846957597513443,retriever-specific MT-ICL result used in manuscript
llama3-8b-instruct,bm25,eng_Latn-swh_Latn,random_in_topn,8,1012,0,15.994625676322766,0.7192089401273859,0.6780272333812808,retriever-specific MT-ICL result used in manuscript
llama3-8b-instruct,bm25,eng_Latn-swh_Latn,quality_only,8,1012,0,15.580977284214413,0.7196911037733904,0.6779752115722701,retriever-specific MT-ICL result used in manuscript
llama3-8b-instruct,bm25,eng_Latn-swh_Latn,low_quality,8,1012,0,16.258555156904336,0.7188517851939079,0.6747101232586171,retriever-specific MT-ICL result used in manuscript
llama3-8b-instruct,bm25,eng_Latn-swh_Latn,error_filter,8,1012,0,17.49113670046286,0.7299138689524101,0.6883099895162074,retriever-specific MT-ICL result used in manuscript
llama3-8b-instruct,bm25,eng_Latn-swh_Latn,quality_rerank,8,1012,0,17.533320615213682,0.7284125117916364,0.6866591591019875,retriever-specific MT-ICL result used in manuscript
llama3-8b-instruct,bm25,eng_Latn-swh_Latn,error_profile_rerank,8,1012,0,17.25519194640206,0.7280386579425439,0.6869100245385773,retriever-specific MT-ICL result used in manuscript
llama3-8b-instruct,bm25,eng_Latn-xho_Latn,retriever_topk,8,1012,0,1.231926055898288,0.4493842655314287,0.405263698148162,retriever-specific MT-ICL result used in manuscript
llama3-8b-instruct,bm25,eng_Latn-xho_Latn,random_in_topn,8,1012,0,1.0270274494314404,0.4244145809897321,0.393544066034758,retriever-specific MT-ICL result used in manuscript
llama3-8b-instruct,bm25,eng_Latn-xho_Latn,quality_only,8,1012,0,1.2459001720897454,0.4487820959285549,0.4055082981471016,retriever-specific MT-ICL result used in manuscript
llama3-8b-instruct,bm25,eng_Latn-xho_Latn,low_quality,8,1012,0,0.9694059532935878,0.4187703863404721,0.3903340739106001,retriever-specific MT-ICL result used in manuscript
llama3-8b-instruct,bm25,eng_Latn-xho_Latn,error_filter,8,1012,0,1.1753391282614438,0.4528042885655235,0.408265489628428,retriever-specific MT-ICL result used in manuscript
llama3-8b-instruct,bm25,eng_Latn-xho_Latn,quality_rerank,8,1012,0,1.2836377726016843,0.4497570729862324,0.4051938621481888,retriever-specific MT-ICL result used in manuscript
llama3-8b-instruct,bm25,eng_Latn-xho_Latn,error_profile_rerank,8,1012,0,1.3074888222657992,0.4555391043483504,0.407097564443298,retriever-specific MT-ICL result used in manuscript
llama3-8b-instruct,gte,eng_Latn-hau_Latn,error_filter,8,1012,0,9.018878860716518,0.6629046616935919,0.52708053677214,retriever-specific MT-ICL result used in manuscript
llama3-8b-instruct,gte,eng_Latn-hau_Latn,error_profile_rerank,8,1012,0,8.932087365028824,0.6642412219505772,0.5254807555275001,retriever-specific MT-ICL result used in manuscript
llama3-8b-instruct,gte,eng_Latn-hau_Latn,low_quality,8,1012,0,8.13266959069469,0.6455158552250607,0.515998678245092,retriever-specific MT-ICL result used in manuscript
llama3-8b-instruct,gte,eng_Latn-hau_Latn,quality_only,8,1012,0,8.390814363284331,0.6468772114707312,0.5220563657905745,retriever-specific MT-ICL result used in manuscript
llama3-8b-instruct,gte,eng_Latn-hau_Latn,quality_rerank,8,1012,0,8.962429029457764,0.6630708679939683,0.5236765134475919,retriever-specific MT-ICL result used in manuscript
llama3-8b-instruct,gte,eng_Latn-hau_Latn,random_in_topn,8,1012,0,8.448235857825326,0.6501774205991873,0.5210195296543388,retriever-specific MT-ICL result used in manuscript
llama3-8b-instruct,gte,eng_Latn-hau_Latn,retriever_topk,8,1012,0,9.0938284659862,0.6655338559108289,0.5234734207804024,retriever-specific MT-ICL result used in manuscript
llama3-8b-instruct,gte,eng_Latn-plt_Latn,error_filter,8,1012,0,4.103154015103438,0.5743575485445294,0.4502251627358052,retriever-specific MT-ICL result used in manuscript
llama3-8b-instruct,gte,eng_Latn-plt_Latn,error_profile_rerank,8,1012,0,4.10515503669949,0.5765114493903671,0.4493828179395717,retriever-specific MT-ICL result used in manuscript
llama3-8b-instruct,gte,eng_Latn-plt_Latn,low_quality,8,1012,0,3.406443258429709,0.5474833025497646,0.4352628214380487,retriever-specific MT-ICL result used in manuscript
llama3-8b-instruct,gte,eng_Latn-plt_Latn,quality_only,8,1012,0,3.693602794874916,0.5574514182218214,0.4449843074611053,retriever-specific MT-ICL result used in manuscript
llama3-8b-instruct,gte,eng_Latn-plt_Latn,quality_rerank,8,1012,0,4.151815469511206,0.5751500949263573,0.4509593171505588,retriever-specific MT-ICL result used in manuscript
llama3-8b-instruct,gte,eng_Latn-plt_Latn,random_in_topn,8,1012,0,3.79927656770538,0.5518446912319057,0.4355425221823421,retriever-specific MT-ICL result used in manuscript
llama3-8b-instruct,gte,eng_Latn-plt_Latn,retriever_topk,8,1012,0,4.098608086534855,0.5745326094182113,0.4500571711673567,retriever-specific MT-ICL result used in manuscript
llama3-8b-instruct,gte,eng_Latn-som_Latn,error_filter,8,1012,0,2.7152067168185434,0.5165456589679474,0.4638435665385525,retriever-specific MT-ICL result used in manuscript
llama3-8b-instruct,gte,eng_Latn-som_Latn,error_profile_rerank,8,1012,0,2.718514376120637,0.5214421040131876,0.4675576423291161,retriever-specific MT-ICL result used in manuscript
llama3-8b-instruct,gte,eng_Latn-som_Latn,low_quality,8,1012,0,2.2341124434998183,0.4887338762756864,0.4414215284020533,retriever-specific MT-ICL result used in manuscript
llama3-8b-instruct,gte,eng_Latn-som_Latn,quality_only,8,1012,0,2.6360310847320125,0.5042590296610071,0.4527311126587419,retriever-specific MT-ICL result used in manuscript
llama3-8b-instruct,gte,eng_Latn-som_Latn,quality_rerank,8,1012,0,2.690771933151596,0.5241241867068728,0.4692058677199801,retriever-specific MT-ICL result used in manuscript
llama3-8b-instruct,gte,eng_Latn-som_Latn,random_in_topn,8,1012,0,2.4426238908076274,0.4921544328066907,0.4488482430812869,retriever-specific MT-ICL result used in manuscript
llama3-8b-instruct,gte,eng_Latn-som_Latn,retriever_topk,8,1012,0,2.651473073428217,0.520112530000714,0.4666269223386119,retriever-specific MT-ICL result used in manuscript
llama3-8b-instruct,gte,eng_Latn-swh_Latn,error_filter,8,1012,0,16.54393598506478,0.7300679542330414,0.6890434986164448,retriever-specific MT-ICL result used in manuscript
llama3-8b-instruct,gte,eng_Latn-swh_Latn,error_profile_rerank,8,1012,0,16.944371347291934,0.7316086711619683,0.687264626705835,retriever-specific MT-ICL result used in manuscript
llama3-8b-instruct,gte,eng_Latn-swh_Latn,low_quality,8,1012,0,15.820266869549364,0.7200293410201317,0.6780087318227225,retriever-specific MT-ICL result used in manuscript
llama3-8b-instruct,gte,eng_Latn-swh_Latn,quality_only,8,1012,0,16.36818810732408,0.7243605233699437,0.6841680750309714,retriever-specific MT-ICL result used in manuscript
llama3-8b-instruct,gte,eng_Latn-swh_Latn,quality_rerank,8,1012,0,16.87280275330852,0.7320972292025099,0.6907401874425854,retriever-specific MT-ICL result used in manuscript
llama3-8b-instruct,gte,eng_Latn-swh_Latn,random_in_topn,8,1012,0,15.93701137233946,0.718718464048248,0.6777743023669296,retriever-specific MT-ICL result used in manuscript
llama3-8b-instruct,gte,eng_Latn-swh_Latn,retriever_topk,8,1012,0,16.90963883935401,0.7316434565681242,0.6899615752367163,retriever-specific MT-ICL result used in manuscript
llama3-8b-instruct,gte,eng_Latn-xho_Latn,error_filter,8,1012,0,1.024038837894027,0.4411460986810004,0.4020815663952601,retriever-specific MT-ICL result used in manuscript
llama3-8b-instruct,gte,eng_Latn-xho_Latn,error_profile_rerank,8,1012,0,1.2346089900051596,0.4514760132658151,0.4065079771777387,retriever-specific MT-ICL result used in manuscript
llama3-8b-instruct,gte,eng_Latn-xho_Latn,low_quality,8,1012,0,0.9098876561801827,0.4092056857267387,0.3856354859388864,retriever-specific MT-ICL result used in manuscript
llama3-8b-instruct,gte,eng_Latn-xho_Latn,quality_only,8,1012,0,1.044958319684648,0.4357800217043505,0.3983663776705387,retriever-specific MT-ICL result used in manuscript
llama3-8b-instruct,gte,eng_Latn-xho_Latn,quality_rerank,8,1012,0,1.0024678568578669,0.4448067721406462,0.4038122614970791,retriever-specific MT-ICL result used in manuscript
llama3-8b-instruct,gte,eng_Latn-xho_Latn,random_in_topn,8,1012,0,0.8922651973825576,0.4180873090423379,0.393657988121387,retriever-specific MT-ICL result used in manuscript
llama3-8b-instruct,gte,eng_Latn-xho_Latn,retriever_topk,8,1012,0,1.1761910450504636,0.4420936881700759,0.4005325285813554,retriever-specific MT-ICL result used in manuscript
llama3-8b-instruct,sonar,eng_Latn-hau_Latn,error_filter,8,1012,0,9.242222553245211,0.6629943169447273,0.5291890913377637,retriever-specific MT-ICL result used in manuscript
llama3-8b-instruct,sonar,eng_Latn-hau_Latn,error_profile_rerank,8,1012,0,9.33622726895844,0.6670701625819498,0.5293933998925884,retriever-specific MT-ICL result used in manuscript
llama3-8b-instruct,sonar,eng_Latn-hau_Latn,low_quality,8,1012,0,7.976947408730007,0.6428799944020542,0.5149284607101335,retriever-specific MT-ICL result used in manuscript
llama3-8b-instruct,sonar,eng_Latn-hau_Latn,quality_only,8,1012,0,8.28395089289361,0.6463955811449426,0.5202875731608613,retriever-specific MT-ICL result used in manuscript
llama3-8b-instruct,sonar,eng_Latn-hau_Latn,quality_rerank,8,1012,0,9.473211353901515,0.670752589322126,0.5316859520530041,retriever-specific MT-ICL result used in manuscript
llama3-8b-instruct,sonar,eng_Latn-hau_Latn,random_in_topn,8,1012,0,8.35544510154624,0.6476829994779095,0.5188153318972456,retriever-specific MT-ICL result used in manuscript
llama3-8b-instruct,sonar,eng_Latn-hau_Latn,retriever_topk,8,1012,0,9.242366993947304,0.6681018454342963,0.5282147678108554,retriever-specific MT-ICL result used in manuscript
llama3-8b-instruct,sonar,eng_Latn-plt_Latn,error_filter,8,1012,0,4.41853900852653,0.5793958050695803,0.4527967525093923,retriever-specific MT-ICL result used in manuscript
llama3-8b-instruct,sonar,eng_Latn-plt_Latn,error_profile_rerank,8,1012,0,4.519800193139565,0.5837805107707091,0.4541026120894982,retriever-specific MT-ICL result used in manuscript
llama3-8b-instruct,sonar,eng_Latn-plt_Latn,low_quality,8,1012,0,3.343342224502064,0.5438040945340287,0.4331853072869447,retriever-specific MT-ICL result used in manuscript
llama3-8b-instruct,sonar,eng_Latn-plt_Latn,quality_only,8,1012,0,3.818782630087592,0.558123796221178,0.4439570763306655,retriever-specific MT-ICL result used in manuscript
llama3-8b-instruct,sonar,eng_Latn-plt_Latn,quality_rerank,8,1012,0,4.5352529971009625,0.5797718823132779,0.4520812079663804,retriever-specific MT-ICL result used in manuscript
llama3-8b-instruct,sonar,eng_Latn-plt_Latn,random_in_topn,8,1012,0,3.722627735474869,0.5547648396181024,0.4383686605708401,retriever-specific MT-ICL result used in manuscript
llama3-8b-instruct,sonar,eng_Latn-plt_Latn,retriever_topk,8,1012,0,4.598578025185005,0.5815326165952701,0.4541731464415199,retriever-specific MT-ICL result used in manuscript
llama3-8b-instruct,sonar,eng_Latn-som_Latn,error_filter,8,1012,0,2.687156703588117,0.5176724883554716,0.4631987684093445,retriever-specific MT-ICL result used in manuscript
llama3-8b-instruct,sonar,eng_Latn-som_Latn,error_profile_rerank,8,1012,0,2.956379455864567,0.5266227221536071,0.467130603850359,retriever-specific MT-ICL result used in manuscript
llama3-8b-instruct,sonar,eng_Latn-som_Latn,low_quality,8,1012,0,2.385054777963331,0.4877508652834553,0.4404173935119342,retriever-specific MT-ICL result used in manuscript
llama3-8b-instruct,sonar,eng_Latn-som_Latn,quality_only,8,1012,0,2.6893829961852456,0.5021236127632644,0.4526903445247133,retriever-specific MT-ICL result used in manuscript
llama3-8b-instruct,sonar,eng_Latn-som_Latn,quality_rerank,8,1012,0,2.9121821271701647,0.5270966474894478,0.4703116894003902,retriever-specific MT-ICL result used in manuscript
llama3-8b-instruct,sonar,eng_Latn-som_Latn,random_in_topn,8,1012,0,2.484914709465007,0.4959863473922603,0.4458305267948407,retriever-specific MT-ICL result used in manuscript
llama3-8b-instruct,sonar,eng_Latn-som_Latn,retriever_topk,8,1012,0,2.894533443493972,0.526275539792809,0.4690634461613041,retriever-specific MT-ICL result used in manuscript
llama3-8b-instruct,sonar,eng_Latn-swh_Latn,error_filter,8,1012,0,16.943353425275287,0.7252814613665517,0.6860224746550496,retriever-specific MT-ICL result used in manuscript
llama3-8b-instruct,sonar,eng_Latn-swh_Latn,error_profile_rerank,8,1012,0,17.165169056521716,0.7333244938742031,0.6916316364240269,retriever-specific MT-ICL result used in manuscript
llama3-8b-instruct,sonar,eng_Latn-swh_Latn,low_quality,8,1012,0,15.69822929974282,0.7204336142204261,0.6811820323111512,retriever-specific MT-ICL result used in manuscript
llama3-8b-instruct,sonar,eng_Latn-swh_Latn,quality_only,8,1012,0,15.915055406706154,0.7220858497169649,0.6801541589583333,retriever-specific MT-ICL result used in manuscript
llama3-8b-instruct,sonar,eng_Latn-swh_Latn,quality_rerank,8,1012,0,16.90866997892594,0.7268313833258369,0.6877198012567791,retriever-specific MT-ICL result used in manuscript
llama3-8b-instruct,sonar,eng_Latn-swh_Latn,random_in_topn,8,1012,0,15.680253739052413,0.7200829732736109,0.6806087092507498,retriever-specific MT-ICL result used in manuscript
llama3-8b-instruct,sonar,eng_Latn-swh_Latn,retriever_topk,8,1012,0,17.1735762397537,0.73004759677314,0.6896716560064097,retriever-specific MT-ICL result used in manuscript
llama3-8b-instruct,sonar,eng_Latn-xho_Latn,error_filter,8,1012,0,1.2210515054303,0.4487668699603307,0.4045312932946465,retriever-specific MT-ICL result used in manuscript
llama3-8b-instruct,sonar,eng_Latn-xho_Latn,error_profile_rerank,8,1012,0,1.1378989139430982,0.4438191080105163,0.4050351314158307,retriever-specific MT-ICL result used in manuscript
llama3-8b-instruct,sonar,eng_Latn-xho_Latn,low_quality,8,1012,0,0.930816258966736,0.4119361986078528,0.3861039207858059,retriever-specific MT-ICL result used in manuscript
llama3-8b-instruct,sonar,eng_Latn-xho_Latn,quality_only,8,1012,0,1.1741896686200552,0.4434668654539133,0.4022847899040686,retriever-specific MT-ICL result used in manuscript
llama3-8b-instruct,sonar,eng_Latn-xho_Latn,quality_rerank,8,1012,0,1.0773118853597516,0.4371685375396913,0.3990169171052488,retriever-specific MT-ICL result used in manuscript
llama3-8b-instruct,sonar,eng_Latn-xho_Latn,random_in_topn,8,1012,0,0.950167991035221,0.4222849562263536,0.3942723833171746,retriever-specific MT-ICL result used in manuscript
llama3-8b-instruct,sonar,eng_Latn-xho_Latn,retriever_topk,8,1012,0,1.0217364652609509,0.4391695332120765,0.4008994312448935,retriever-specific MT-ICL result used in manuscript
qwen3-8b,shared,eng_Latn-hau_Latn,zero_shot,0,1012,0,1.1296832354171358,0.432321260480777,0.4057179566605289,shared canonical zero-shot used in manuscript
qwen3-8b,shared,eng_Latn-plt_Latn,zero_shot,0,1012,0,0.3764652559164161,0.2959638453813881,0.3722487301400056,shared canonical zero-shot used in manuscript
qwen3-8b,shared,eng_Latn-som_Latn,zero_shot,0,1012,0,1.4303154529222266,0.4720392252793425,0.4252921056017102,shared canonical zero-shot used in manuscript
qwen3-8b,shared,eng_Latn-swh_Latn,zero_shot,0,1012,0,4.240335881577003,0.5278960585947564,0.4760330616838847,shared canonical zero-shot used in manuscript
qwen3-8b,shared,eng_Latn-xho_Latn,zero_shot,0,1012,0,0.7080640703715163,0.5556205690437155,0.4327071792052197,shared canonical zero-shot used in manuscript
qwen3-8b,bm25,eng_Latn-hau_Latn,retriever_topk,8,1012,0,1.8729363273795887,0.4536447489391202,0.4206715124574574,retriever-specific MT-ICL result used in manuscript
qwen3-8b,bm25,eng_Latn-hau_Latn,error_filter,8,1012,0,1.8672769473198971,0.4516285892296214,0.4193175532836687,retriever-specific MT-ICL result used in manuscript
qwen3-8b,bm25,eng_Latn-hau_Latn,error_profile_rerank,8,1012,0,2.0067970030646536,0.4548620016649071,0.4218968617704074,retriever-specific MT-ICL result used in manuscript
qwen3-8b,bm25,eng_Latn-hau_Latn,low_quality,8,1012,0,1.55058466581306,0.426277451452766,0.4109416121374006,retriever-specific MT-ICL result used in manuscript
qwen3-8b,bm25,eng_Latn-hau_Latn,quality_only,8,1012,0,1.8141246144652503,0.4421777825346106,0.4209153917526068,retriever-specific MT-ICL result used in manuscript
qwen3-8b,bm25,eng_Latn-hau_Latn,quality_rerank,8,1012,0,1.8560027521845168,0.4552457254276916,0.4224020870542337,retriever-specific MT-ICL result used in manuscript
qwen3-8b,bm25,eng_Latn-hau_Latn,random_in_topn,8,1012,0,1.5337735259163845,0.4312630891358193,0.4131012261208338,retriever-specific MT-ICL result used in manuscript
qwen3-8b,bm25,eng_Latn-plt_Latn,retriever_topk,8,1012,0,1.9891385194657676,0.5388329627191125,0.4320242797786539,retriever-specific MT-ICL result used in manuscript
qwen3-8b,bm25,eng_Latn-plt_Latn,error_filter,8,1012,0,2.1021146198487486,0.5386789105096353,0.4317144384320545,retriever-specific MT-ICL result used in manuscript
qwen3-8b,bm25,eng_Latn-plt_Latn,error_profile_rerank,8,1012,0,2.062459997117649,0.5405243042076058,0.4338969480496621,retriever-specific MT-ICL result used in manuscript
qwen3-8b,bm25,eng_Latn-plt_Latn,low_quality,8,1012,0,1.8211703189177528,0.5283700968967124,0.4241723677975387,retriever-specific MT-ICL result used in manuscript
qwen3-8b,bm25,eng_Latn-plt_Latn,quality_only,8,1012,0,1.9905754140283487,0.5339954384113018,0.4287063857253361,retriever-specific MT-ICL result used in manuscript
qwen3-8b,bm25,eng_Latn-plt_Latn,quality_rerank,8,1012,0,2.0463247877979347,0.5385802692987702,0.4314346646838508,retriever-specific MT-ICL result used in manuscript
qwen3-8b,bm25,eng_Latn-plt_Latn,random_in_topn,8,1012,0,1.8390994695539231,0.5304008474934242,0.4283103863358968,retriever-specific MT-ICL result used in manuscript
qwen3-8b,bm25,eng_Latn-som_Latn,retriever_topk,8,1012,0,1.628455932161008,0.5027949254915648,0.4607304064299278,retriever-specific MT-ICL result used in manuscript
qwen3-8b,bm25,eng_Latn-som_Latn,error_filter,8,1012,0,1.5836462657165422,0.5029848848760363,0.4603171007258618,retriever-specific MT-ICL result used in manuscript
qwen3-8b,bm25,eng_Latn-som_Latn,error_profile_rerank,8,1012,0,1.6085889483386937,0.506914145743894,0.4626126434256437,retriever-specific MT-ICL result used in manuscript
qwen3-8b,bm25,eng_Latn-som_Latn,low_quality,8,1012,0,1.498463376668607,0.492593998288213,0.4457098210282005,retriever-specific MT-ICL result used in manuscript
qwen3-8b,bm25,eng_Latn-som_Latn,quality_only,8,1012,0,1.5965938711814038,0.4993352763678716,0.4577696526592428,retriever-specific MT-ICL result used in manuscript
qwen3-8b,bm25,eng_Latn-som_Latn,quality_rerank,8,1012,0,1.6729480972848718,0.5035314269864513,0.4601948414395449,retriever-specific MT-ICL result used in manuscript
qwen3-8b,bm25,eng_Latn-som_Latn,random_in_topn,8,1012,0,1.6248086500706058,0.4951196309075996,0.4545266037225252,retriever-specific MT-ICL result used in manuscript
qwen3-8b,bm25,eng_Latn-swh_Latn,retriever_topk,8,1012,0,5.216100176253548,0.5393160247048842,0.4940560184743093,retriever-specific MT-ICL result used in manuscript
qwen3-8b,bm25,eng_Latn-swh_Latn,error_filter,8,1012,0,5.351391451484386,0.5398444529519721,0.494098673342716,retriever-specific MT-ICL result used in manuscript
qwen3-8b,bm25,eng_Latn-swh_Latn,error_profile_rerank,8,1012,0,5.130650130460593,0.540838806849459,0.4933782046138062,retriever-specific MT-ICL result used in manuscript
qwen3-8b,bm25,eng_Latn-swh_Latn,low_quality,8,1012,0,4.621610474660036,0.5251196492095238,0.4800157720451298,retriever-specific MT-ICL result used in manuscript
qwen3-8b,bm25,eng_Latn-swh_Latn,quality_only,8,1012,0,4.395433109328762,0.5254753586861927,0.4807928577654446,retriever-specific MT-ICL result used in manuscript
qwen3-8b,bm25,eng_Latn-swh_Latn,quality_rerank,8,1012,0,5.083296134534638,0.5392763004472605,0.4924281919485495,retriever-specific MT-ICL result used in manuscript
qwen3-8b,bm25,eng_Latn-swh_Latn,random_in_topn,8,1012,0,4.603741615998302,0.5259465598777349,0.4795656122650082,retriever-specific MT-ICL result used in manuscript
qwen3-8b,bm25,eng_Latn-xho_Latn,retriever_topk,8,1012,0,1.1486039893168851,0.5629488596685319,0.4434732340364588,retriever-specific MT-ICL result used in manuscript
qwen3-8b,bm25,eng_Latn-xho_Latn,error_filter,8,1012,0,1.111873410093525,0.5619949608923418,0.4428427277110782,retriever-specific MT-ICL result used in manuscript
qwen3-8b,bm25,eng_Latn-xho_Latn,error_profile_rerank,8,1012,0,1.2141526896965102,0.561416069362239,0.444187205005069,retriever-specific MT-ICL result used in manuscript
qwen3-8b,bm25,eng_Latn-xho_Latn,low_quality,8,1012,0,1.0115429122644646,0.5503923846740025,0.4392279406545661,retriever-specific MT-ICL result used in manuscript
qwen3-8b,bm25,eng_Latn-xho_Latn,quality_only,8,1012,0,1.2461630721450414,0.5582642747243873,0.4401409856003264,retriever-specific MT-ICL result used in manuscript
qwen3-8b,bm25,eng_Latn-xho_Latn,quality_rerank,8,1012,0,1.1856437675273068,0.5608650129951036,0.4434182193321673,retriever-specific MT-ICL result used in manuscript
qwen3-8b,bm25,eng_Latn-xho_Latn,random_in_topn,8,1012,0,1.1218392881989807,0.5560454631393607,0.4391762151901901,retriever-specific MT-ICL result used in manuscript
qwen3-8b,gte,eng_Latn-hau_Latn,error_filter,8,1012,0,1.792208971414874,0.4440496230549492,0.4181826427696722,retriever-specific MT-ICL result used in manuscript
qwen3-8b,gte,eng_Latn-hau_Latn,error_profile_rerank,8,1012,0,1.8282293656679869,0.4443201872082096,0.416001858535727,retriever-specific MT-ICL result used in manuscript
qwen3-8b,gte,eng_Latn-hau_Latn,low_quality,8,1012,0,1.3253252474062776,0.4208811668480338,0.4062212522439806,retriever-specific MT-ICL result used in manuscript
qwen3-8b,gte,eng_Latn-hau_Latn,quality_only,8,1012,0,1.6088000199016894,0.4351767151664368,0.4160914354821439,retriever-specific MT-ICL result used in manuscript
qwen3-8b,gte,eng_Latn-hau_Latn,quality_rerank,8,1012,0,1.9178535723644277,0.4460284247876627,0.4148206286750763,retriever-specific MT-ICL result used in manuscript
qwen3-8b,gte,eng_Latn-hau_Latn,random_in_topn,8,1012,0,1.460468099750584,0.4298776218542468,0.4105322881355116,retriever-specific MT-ICL result used in manuscript
qwen3-8b,gte,eng_Latn-hau_Latn,retriever_topk,8,1012,0,1.8067997105570512,0.4456408020005867,0.4125763782163854,retriever-specific MT-ICL result used in manuscript
qwen3-8b,gte,eng_Latn-plt_Latn,error_filter,8,1012,0,1.9793848845887196,0.5363720241389256,0.4299374849723262,retriever-specific MT-ICL result used in manuscript
qwen3-8b,gte,eng_Latn-plt_Latn,error_profile_rerank,8,1012,0,1.8591250695056332,0.5366179952802865,0.4307174947657604,retriever-specific MT-ICL result used in manuscript
qwen3-8b,gte,eng_Latn-plt_Latn,low_quality,8,1012,0,1.7099651578292403,0.524618963655747,0.4235922498959797,retriever-specific MT-ICL result used in manuscript
qwen3-8b,gte,eng_Latn-plt_Latn,quality_only,8,1012,0,1.9135108002615917,0.5324850455809959,0.4282664500854232,retriever-specific MT-ICL result used in manuscript
qwen3-8b,gte,eng_Latn-plt_Latn,quality_rerank,8,1012,0,1.9228565866290448,0.5361180841157087,0.4291472723008144,retriever-specific MT-ICL result used in manuscript
qwen3-8b,gte,eng_Latn-plt_Latn,random_in_topn,8,1012,0,1.772263726576854,0.5306119446167833,0.4262959573992156,retriever-specific MT-ICL result used in manuscript
qwen3-8b,gte,eng_Latn-plt_Latn,retriever_topk,8,1012,0,1.9117796931087776,0.5356438567810379,0.4285775783799382,retriever-specific MT-ICL result used in manuscript
qwen3-8b,gte,eng_Latn-som_Latn,error_filter,8,1012,0,1.5024783033355034,0.5023571968432,0.457684130036077,retriever-specific MT-ICL result used in manuscript
qwen3-8b,gte,eng_Latn-som_Latn,error_profile_rerank,8,1012,0,1.51733324388404,0.5010560349277828,0.4562006991489131,retriever-specific MT-ICL result used in manuscript
qwen3-8b,gte,eng_Latn-som_Latn,low_quality,8,1012,0,1.3639281764777071,0.4894254298019315,0.4487884014314813,retriever-specific MT-ICL result used in manuscript
qwen3-8b,gte,eng_Latn-som_Latn,quality_only,8,1012,0,1.5255196426102913,0.4927572105595245,0.4522983023948349,retriever-specific MT-ICL result used in manuscript
qwen3-8b,gte,eng_Latn-som_Latn,quality_rerank,8,1012,0,1.6912293109692027,0.5006071037572363,0.4577371539629024,retriever-specific MT-ICL result used in manuscript
qwen3-8b,gte,eng_Latn-som_Latn,random_in_topn,8,1012,0,1.484263032856554,0.4921109012287596,0.4524898583827754,retriever-specific MT-ICL result used in manuscript
qwen3-8b,gte,eng_Latn-som_Latn,retriever_topk,8,1012,0,1.5761618433924125,0.5018189741158674,0.4586944656645356,retriever-specific MT-ICL result used in manuscript
qwen3-8b,gte,eng_Latn-swh_Latn,error_filter,8,1012,0,5.143036594480721,0.5398116559673675,0.492373965768946,retriever-specific MT-ICL result used in manuscript
qwen3-8b,gte,eng_Latn-swh_Latn,error_profile_rerank,8,1012,0,5.278783688296421,0.541198104089899,0.4939116996974342,retriever-specific MT-ICL result used in manuscript
qwen3-8b,gte,eng_Latn-swh_Latn,low_quality,8,1012,0,5.011381341417697,0.5246133708317761,0.4794816380668534,retriever-specific MT-ICL result used in manuscript
qwen3-8b,gte,eng_Latn-swh_Latn,quality_only,8,1012,0,4.868807937081432,0.5301598485691745,0.4821418596821811,retriever-specific MT-ICL result used in manuscript
qwen3-8b,gte,eng_Latn-swh_Latn,quality_rerank,8,1012,0,5.304457586223357,0.5421485684723722,0.492989340524664,retriever-specific MT-ICL result used in manuscript
qwen3-8b,gte,eng_Latn-swh_Latn,random_in_topn,8,1012,0,4.815696649545114,0.5258369416940825,0.4811027860158517,retriever-specific MT-ICL result used in manuscript
qwen3-8b,gte,eng_Latn-swh_Latn,retriever_topk,8,1012,0,5.297152007668566,0.5429648511671266,0.4919903050121582,retriever-specific MT-ICL result used in manuscript
qwen3-8b,gte,eng_Latn-xho_Latn,error_filter,8,1012,0,1.2006592038991246,0.5623996644152012,0.4416396825504397,retriever-specific MT-ICL result used in manuscript
qwen3-8b,gte,eng_Latn-xho_Latn,error_profile_rerank,8,1012,0,1.1758406289816463,0.5583771218954339,0.4410432080329642,retriever-specific MT-ICL result used in manuscript
qwen3-8b,gte,eng_Latn-xho_Latn,low_quality,8,1012,0,1.168246974164182,0.5522080952883238,0.4356044854806817,retriever-specific MT-ICL result used in manuscript
qwen3-8b,gte,eng_Latn-xho_Latn,quality_only,8,1012,0,1.058751115849648,0.5559142799422204,0.4408436658177451,retriever-specific MT-ICL result used in manuscript
qwen3-8b,gte,eng_Latn-xho_Latn,quality_rerank,8,1012,0,1.1528935178854445,0.5588758129906277,0.4390319901492756,retriever-specific MT-ICL result used in manuscript
qwen3-8b,gte,eng_Latn-xho_Latn,random_in_topn,8,1012,0,1.2243424631453608,0.5562888513146181,0.4407706112847497,retriever-specific MT-ICL result used in manuscript
qwen3-8b,gte,eng_Latn-xho_Latn,retriever_topk,8,1012,0,1.1116040799147318,0.5590752726899305,0.4402215585937142,retriever-specific MT-ICL result used in manuscript
qwen3-8b,sonar,eng_Latn-hau_Latn,error_filter,8,1012,0,1.906542732829026,0.4479664695474941,0.4161332735548849,retriever-specific MT-ICL result used in manuscript
qwen3-8b,sonar,eng_Latn-hau_Latn,error_profile_rerank,8,1012,0,1.888480874981748,0.4502803588308129,0.4176554374190658,retriever-specific MT-ICL result used in manuscript
qwen3-8b,sonar,eng_Latn-hau_Latn,low_quality,8,1012,0,1.3995288372563937,0.4258663951761637,0.4081115662874912,retriever-specific MT-ICL result used in manuscript
qwen3-8b,sonar,eng_Latn-hau_Latn,quality_only,8,1012,0,1.8426538680001605,0.4391798755161376,0.4170031779309506,retriever-specific MT-ICL result used in manuscript
qwen3-8b,sonar,eng_Latn-hau_Latn,quality_rerank,8,1012,0,1.8811312955197972,0.4484036055654876,0.4156634922437517,retriever-specific MT-ICL result used in manuscript
qwen3-8b,sonar,eng_Latn-hau_Latn,random_in_topn,8,1012,0,1.819625857662225,0.4327036049585097,0.4113823941397102,retriever-specific MT-ICL result used in manuscript
qwen3-8b,sonar,eng_Latn-hau_Latn,retriever_topk,8,1012,0,1.839146222219052,0.4479433520303177,0.4162205538082971,retriever-specific MT-ICL result used in manuscript
qwen3-8b,sonar,eng_Latn-plt_Latn,error_filter,8,1012,0,1.9955353109665304,0.536971748581988,0.4290359781488128,retriever-specific MT-ICL result used in manuscript
qwen3-8b,sonar,eng_Latn-plt_Latn,error_profile_rerank,8,1012,0,2.115191320353471,0.53872892605104,0.4295722300356084,retriever-specific MT-ICL result used in manuscript
qwen3-8b,sonar,eng_Latn-plt_Latn,low_quality,8,1012,0,1.9044490180626816,0.5224528368636082,0.421333563804862,retriever-specific MT-ICL result used in manuscript
qwen3-8b,sonar,eng_Latn-plt_Latn,quality_only,8,1012,0,1.7629929398755464,0.5328001897384527,0.4274447052316232,retriever-specific MT-ICL result used in manuscript
qwen3-8b,sonar,eng_Latn-plt_Latn,quality_rerank,8,1012,0,1.931213782969746,0.537719899604443,0.4286410524086518,retriever-specific MT-ICL result used in manuscript
qwen3-8b,sonar,eng_Latn-plt_Latn,random_in_topn,8,1012,0,2.019739519281476,0.5275942949438284,0.4270285132374217,retriever-specific MT-ICL result used in manuscript
qwen3-8b,sonar,eng_Latn-plt_Latn,retriever_topk,8,1012,0,2.0337971369400845,0.5376791392743823,0.430137546018885,retriever-specific MT-ICL result used in manuscript
qwen3-8b,sonar,eng_Latn-som_Latn,error_filter,8,1012,0,1.6455839473926628,0.5010009970177304,0.4564170444259059,retriever-specific MT-ICL result used in manuscript
qwen3-8b,sonar,eng_Latn-som_Latn,error_profile_rerank,8,1012,0,1.489351813177386,0.5041491303872685,0.457972967106363,retriever-specific MT-ICL result used in manuscript
qwen3-8b,sonar,eng_Latn-som_Latn,low_quality,8,1012,0,1.5343644610434313,0.4891227668688702,0.4501434162318,retriever-specific MT-ICL result used in manuscript
qwen3-8b,sonar,eng_Latn-som_Latn,quality_only,8,1012,0,1.5191037035641786,0.4955760480269142,0.4557836519870833,retriever-specific MT-ICL result used in manuscript
qwen3-8b,sonar,eng_Latn-som_Latn,quality_rerank,8,1012,0,1.6303291860964615,0.5025253759719166,0.4577590309289604,retriever-specific MT-ICL result used in manuscript
qwen3-8b,sonar,eng_Latn-som_Latn,random_in_topn,8,1012,0,1.5537427076743795,0.4938670102315458,0.4515134824712286,retriever-specific MT-ICL result used in manuscript
qwen3-8b,sonar,eng_Latn-som_Latn,retriever_topk,8,1012,0,1.6142389864956614,0.5019422905895079,0.4569600945404867,retriever-specific MT-ICL result used in manuscript
qwen3-8b,sonar,eng_Latn-swh_Latn,error_filter,8,1012,0,5.116469113363889,0.5375910020569568,0.4887613950687435,retriever-specific MT-ICL result used in manuscript
qwen3-8b,sonar,eng_Latn-swh_Latn,error_profile_rerank,8,1012,0,5.339017855992689,0.5379968088841721,0.4886809510911406,retriever-specific MT-ICL result used in manuscript
qwen3-8b,sonar,eng_Latn-swh_Latn,low_quality,8,1012,0,4.594577160789043,0.5260288768665121,0.4790072918173824,retriever-specific MT-ICL result used in manuscript
qwen3-8b,sonar,eng_Latn-swh_Latn,quality_only,8,1012,0,4.591261285454571,0.526810547432645,0.4800540091904255,retriever-specific MT-ICL result used in manuscript
qwen3-8b,sonar,eng_Latn-swh_Latn,quality_rerank,8,1012,0,5.337899542890873,0.5377609780713504,0.4895670830084401,retriever-specific MT-ICL result used in manuscript
qwen3-8b,sonar,eng_Latn-swh_Latn,random_in_topn,8,1012,0,4.869178953589357,0.5259369851454444,0.4798402135138926,retriever-specific MT-ICL result used in manuscript
qwen3-8b,sonar,eng_Latn-swh_Latn,retriever_topk,8,1012,0,5.256675907980821,0.5372769687133344,0.4889470037558804,retriever-specific MT-ICL result used in manuscript
qwen3-8b,sonar,eng_Latn-xho_Latn,error_filter,8,1012,0,1.3192618162641645,0.5625163922491281,0.4417547342982216,retriever-specific MT-ICL result used in manuscript
qwen3-8b,sonar,eng_Latn-xho_Latn,error_profile_rerank,8,1012,0,1.2974238923760266,0.5613142919281254,0.4421782558378966,retriever-specific MT-ICL result used in manuscript
qwen3-8b,sonar,eng_Latn-xho_Latn,low_quality,8,1012,0,1.2198516818796334,0.5539735178113455,0.4360723393001104,retriever-specific MT-ICL result used in manuscript
qwen3-8b,sonar,eng_Latn-xho_Latn,quality_only,8,1012,0,1.2871251995644977,0.5567400989678537,0.4393174856194394,retriever-specific MT-ICL result used in manuscript
qwen3-8b,sonar,eng_Latn-xho_Latn,quality_rerank,8,1012,0,1.253082704245689,0.5627203475639754,0.442230723327092,retriever-specific MT-ICL result used in manuscript
qwen3-8b,sonar,eng_Latn-xho_Latn,random_in_topn,8,1012,0,1.074128765172627,0.5563656677723873,0.4391949286043879,retriever-specific MT-ICL result used in manuscript
qwen3-8b,sonar,eng_Latn-xho_Latn,retriever_topk,8,1012,0,1.350296345467025,0.5608976108754576,0.442072194261042,retriever-specific MT-ICL result used in manuscript
